0,I,com.corendal.netapps.wiki.interfaces.ContentManager
0,C,com.corendal.netapps.wiki.managers.AbstractContentManager
1,I,com.corendal.netapps.wiki.interfaces.StandardArticle
1,C,com.corendal.netapps.wiki.writestandardbeans.AbstractStandardArticle
2,I,com.corendal.netapps.wiki.interfaces.StandardArticleFactory
2,C,com.corendal.netapps.wiki.writestandardfactories.AbstractStandardArticleFactory
3,I,com.corendal.netapps.wiki.interfaces.StandardArticleVersion
3,C,com.corendal.netapps.wiki.writestandardbeans.AbstractStandardArticleVersion
4,I,com.corendal.netapps.wiki.interfaces.StandardArticleVersionFactory
4,C,com.corendal.netapps.wiki.writestandardfactories.AbstractStandardArticleVersionFactory
5,I,com.corendal.netapps.wiki.interfaces.StandardContent
5,C,com.corendal.netapps.wiki.writestandardbeans.AbstractStandardContent
6,I,com.corendal.netapps.wiki.interfaces.StandardContentFactory
6,C,com.corendal.netapps.wiki.writestandardfactories.AbstractStandardContentFactory
7,I,com.corendal.netapps.wiki.interfaces.StandardImageVersion
7,C,com.corendal.netapps.wiki.writestandardbeans.AbstractStandardImageVersion
8,I,com.corendal.netapps.wiki.interfaces.StandardImageVersionFactory
8,C,com.corendal.netapps.wiki.writestandardfactories.AbstractStandardImageVersionFactory
9,I,com.corendal.netapps.wiki.interfaces.ArticleVersion
9,C,com.corendal.netapps.wiki.writedatabeans.AbstractArticleVersion
10,I,com.corendal.netapps.wiki.interfaces.ImageVersion
10,C,com.corendal.netapps.wiki.writedatabeans.AbstractImageVersion
11,I,com.corendal.netapps.wiki.interfaces.ContentSubscriptionType
11,C,com.corendal.netapps.wiki.readdatabeans.AbstractContentSubscriptionType
12,I,com.corendal.netapps.wiki.interfaces.StandardImage
12,C,com.corendal.netapps.wiki.writestandardbeans.AbstractStandardImage
13,I,com.corendal.netapps.wiki.interfaces.StandardImageFactory
13,C,com.corendal.netapps.wiki.writestandardfactories.AbstractStandardImageFactory
14,I,com.corendal.netapps.wiki.interfaces.Image
14,C,com.corendal.netapps.wiki.writedatabeans.AbstractImage
15,I,com.corendal.netapps.wiki.interfaces.StandardContentSubscription
15,C,com.corendal.netapps.wiki.writestandardbeans.AbstractStandardContentSubscription
16,I,com.corendal.netapps.wiki.interfaces.StandardContentSubscriptionFactory
16,C,com.corendal.netapps.wiki.writestandardfactories.AbstractStandardContentSubscriptionFactory
17,I,com.corendal.netapps.wiki.interfaces.StandardContentSubscriptionMode
17,C,com.corendal.netapps.wiki.readstandardbeans.AbstractStandardContentSubscriptionMode
18,I,com.corendal.netapps.wiki.interfaces.StandardContentSubscriptionModeFactory
18,C,com.corendal.netapps.wiki.readstandardfactories.AbstractStandardContentSubscriptionModeFactory
19,I,com.corendal.netapps.wiki.interfaces.ContentSubscription
19,C,com.corendal.netapps.wiki.writedatabeans.AbstractContentSubscription
20,I,com.corendal.netapps.wiki.interfaces.StandardContentTypeFactory
20,C,com.corendal.netapps.wiki.readstandardfactories.AbstractStandardContentTypeFactory
21,I,com.corendal.netapps.wiki.interfaces.StandardContentInfoFactory
21,C,com.corendal.netapps.wiki.writestandardfactories.AbstractStandardContentInfoFactory
22,I,com.corendal.netapps.wiki.interfaces.ContentInfo
22,C,com.corendal.netapps.wiki.writedatabeans.AbstractContentInfo
23,I,com.corendal.netapps.wiki.interfaces.StandardContentInfo
23,C,com.corendal.netapps.wiki.writestandardbeans.AbstractStandardContentInfo
24,I,com.corendal.netapps.wiki.interfaces.StandardContentRequest
24,C,com.corendal.netapps.wiki.writestandardbeans.AbstractStandardContentRequest
25,I,com.corendal.netapps.wiki.interfaces.StandardContentRequestFactory
25,C,com.corendal.netapps.wiki.writestandardfactories.AbstractStandardContentRequestFactory
26,I,com.corendal.netapps.wiki.interfaces.StandardContentRequestImageDownloadPage
26,C,com.corendal.netapps.wiki.pages.AbstractStandardContentRequestImageDownloadPage
27,I,com.corendal.netapps.wiki.interfaces.ContentRequest
27,C,com.corendal.netapps.wiki.writedatabeans.AbstractContentRequest
28,I,com.corendal.netapps.wiki.interfaces.ContentAccessLog
28,C,com.corendal.netapps.wiki.writedatabeans.AbstractContentAccessLog
29,I,com.corendal.netapps.wiki.interfaces.ContentRuleType
29,C,com.corendal.netapps.wiki.readdatabeans.AbstractContentRuleType
30,I,com.corendal.netapps.wiki.interfaces.ContentRuleTypeLoadHandler
30,C,com.corendal.netapps.wiki.readdatahandlers.AbstractContentRuleTypeLoadHandler
31,I,com.corendal.netapps.wiki.interfaces.StandardContentAccessDayFactory
31,C,com.corendal.netapps.wiki.writestandardfactories.AbstractStandardContentAccessDayFactory
32,I,com.corendal.netapps.wiki.interfaces.StandardContentAccessDay
32,C,com.corendal.netapps.wiki.writestandardbeans.AbstractStandardContentAccessDay
33,I,com.corendal.netapps.wiki.interfaces.Article
33,C,com.corendal.netapps.wiki.writedatabeans.AbstractArticle
34,I,com.corendal.netapps.wiki.interfaces.ContentAddressMapping
34,C,com.corendal.netapps.wiki.writedatamappings.AbstractContentAddressMapping
35,I,com.corendal.netapps.wiki.interfaces.ContentBodyMapping
35,C,com.corendal.netapps.wiki.writedatamappings.AbstractContentBodyMapping
36,I,com.corendal.netapps.wiki.interfaces.ContentMapMapping
36,C,com.corendal.netapps.wiki.writedatamappings.AbstractContentMapMapping
37,I,com.corendal.netapps.wiki.interfaces.ContentMapping
37,C,com.corendal.netapps.wiki.writedatamappings.AbstractContentMapping
38,I,com.corendal.netapps.wiki.interfaces.ContentVersionMapping
38,C,com.corendal.netapps.wiki.writedatamappings.AbstractContentVersionMapping
39,I,com.corendal.netapps.wiki.interfaces.ArticleVersionWriter
39,C,com.corendal.netapps.wiki.writers.AbstractArticleVersionWriter
40,I,com.corendal.netapps.wiki.interfaces.StandardContentClassificationType
40,C,com.corendal.netapps.wiki.readstandardbeans.AbstractStandardContentClassificationType
41,I,com.corendal.netapps.wiki.interfaces.StandardContentClassificationTypeFactory
41,C,com.corendal.netapps.wiki.readstandardfactories.AbstractStandardContentClassificationTypeFactory
42,I,com.corendal.netapps.wiki.interfaces.StandardContentType
42,C,com.corendal.netapps.wiki.readstandardbeans.AbstractStandardContentType
43,I,com.corendal.netapps.wiki.interfaces.StandardImagePagesBlock
43,C,com.corendal.netapps.wiki.blocks.AbstractStandardImagePagesBlock
44,I,com.corendal.netapps.wiki.interfaces.Content
44,C,com.corendal.netapps.wiki.writedatabeans.AbstractContent
45,I,com.corendal.netapps.wiki.interfaces.ContentHistoryManager
45,C,com.corendal.netapps.wiki.managers.AbstractContentHistoryManager
46,I,com.corendal.netapps.wiki.interfaces.StandardImageDownloadPage
46,C,com.corendal.netapps.wiki.pages.AbstractStandardImageDownloadPage
46,C,com.corendal.netapps.wiki.pages.AbstractStandardOnlineHelpImageDownloadPage
47,I,com.corendal.netapps.wiki.interfaces.StandardImageVersionDownloadPage
47,C,com.corendal.netapps.wiki.pages.AbstractStandardImageVersionDownloadPage
48,I,com.corendal.netapps.wiki.interfaces.StandardImagePagesOfBlock
48,C,com.corendal.netapps.wiki.blocks.AbstractStandardImagePagesOfBlock
49,I,com.corendal.netapps.wiki.interfaces.StandardArticleMarkAsHotPage
49,C,com.corendal.netapps.wiki.pages.AbstractStandardArticleMarkAsHotPage
50,I,com.corendal.netapps.wiki.interfaces.StandardContentAccessLogFactory
50,C,com.corendal.netapps.wiki.writestandardfactories.AbstractStandardContentAccessLogFactory
51,I,com.corendal.netapps.wiki.interfaces.StandardContentAccessLog
51,C,com.corendal.netapps.wiki.writestandardbeans.AbstractStandardContentAccessLog
52,I,com.corendal.netapps.wiki.interfaces.ContentInfoMapping
52,C,com.corendal.netapps.wiki.writedatamappings.AbstractContentInfoMapping
53,I,com.corendal.netapps.wiki.interfaces.StandardContentRuleType
53,C,com.corendal.netapps.wiki.readstandardbeans.AbstractStandardContentRuleType
54,I,com.corendal.netapps.wiki.interfaces.StandardRequestStatusTypeFactory
54,C,com.corendal.netapps.wiki.readstandardfactories.AbstractStandardRequestStatusTypeFactory
55,I,com.corendal.netapps.wiki.interfaces.ContentAccessLogMapping
55,C,com.corendal.netapps.wiki.writedatamappings.AbstractContentAccessLogMapping
56,I,com.corendal.netapps.wiki.interfaces.StandardRequestStatusType
56,C,com.corendal.netapps.wiki.readstandardbeans.AbstractStandardRequestStatusType
57,I,com.corendal.netapps.wiki.interfaces.ContentSubscriptionMode
57,C,com.corendal.netapps.wiki.readdatabeans.AbstractContentSubscriptionMode
58,I,com.corendal.netapps.wiki.interfaces.ContentSubscriptionModeLoadHandler
58,C,com.corendal.netapps.wiki.readdatahandlers.AbstractContentSubscriptionModeLoadHandler
59,I,com.corendal.netapps.wiki.interfaces.StandardContentRequestType
59,C,com.corendal.netapps.wiki.readstandardbeans.AbstractStandardContentRequestType
60,I,com.corendal.netapps.wiki.interfaces.ContentRequestType
60,C,com.corendal.netapps.wiki.readdatabeans.AbstractContentRequestType
61,I,com.corendal.netapps.wiki.interfaces.ArticleWriter
61,C,com.corendal.netapps.wiki.writers.AbstractArticleWriter
62,I,com.corendal.netapps.wiki.interfaces.ContentRequestWriter
62,C,com.corendal.netapps.wiki.writers.AbstractContentRequestWriter
63,I,com.corendal.netapps.wiki.interfaces.ContentAccessPeriod
63,C,com.corendal.netapps.wiki.writedatabeans.AbstractContentAccessPeriod
64,I,com.corendal.netapps.wiki.interfaces.ContentAccessPeriodMapping
64,C,com.corendal.netapps.wiki.writedatamappings.AbstractContentAccessPeriodMapping
65,I,com.corendal.netapps.wiki.interfaces.ArticleBodyHighlighter
65,C,com.corendal.netapps.wiki.commons.AbstractArticleBodyHighlighter
66,I,com.corendal.netapps.wiki.interfaces.ContentWriter
66,C,com.corendal.netapps.wiki.writers.AbstractContentWriter
67,I,com.corendal.netapps.wiki.interfaces.StandardContentSubscriptionType
67,C,com.corendal.netapps.wiki.readstandardbeans.AbstractStandardContentSubscriptionType
68,I,com.corendal.netapps.wiki.interfaces.StandardContentSubscriptionTypeFactory
68,C,com.corendal.netapps.wiki.readstandardfactories.AbstractStandardContentSubscriptionTypeFactory
69,I,com.corendal.netapps.wiki.interfaces.StandardContentRuleTypeFactory
69,C,com.corendal.netapps.wiki.readstandardfactories.AbstractStandardContentRuleTypeFactory
70,I,com.corendal.netapps.wiki.interfaces.ContentTypeLoadHandler
70,C,com.corendal.netapps.wiki.readdatahandlers.AbstractContentTypeLoadHandler
71,I,com.corendal.netapps.wiki.interfaces.RequestStatusType
71,C,com.corendal.netapps.wiki.readdatabeans.AbstractRequestStatusType
72,I,com.corendal.netapps.wiki.interfaces.RequestStatusTypeLoadHandler
72,C,com.corendal.netapps.wiki.readdatahandlers.AbstractRequestStatusTypeLoadHandler
73,I,com.corendal.netapps.wiki.interfaces.ContentAccessDayMapping
73,C,com.corendal.netapps.wiki.writedatamappings.AbstractContentAccessDayMapping
74,I,com.corendal.netapps.wiki.interfaces.StandardArticlePagesOfBlock
74,C,com.corendal.netapps.wiki.blocks.AbstractStandardArticlePagesOfBlock
75,I,com.corendal.netapps.wiki.interfaces.ContentClassificationType
75,C,com.corendal.netapps.wiki.readdatabeans.AbstractContentClassificationType
76,I,com.corendal.netapps.wiki.interfaces.StandardImageMarkAsHotPage
76,C,com.corendal.netapps.wiki.pages.AbstractStandardImageMarkAsHotPage
77,I,com.corendal.netapps.wiki.interfaces.ContentType
77,C,com.corendal.netapps.wiki.readdatabeans.AbstractContentType
78,I,com.corendal.netapps.wiki.interfaces.ContentRequestMapping
78,C,com.corendal.netapps.wiki.writedatamappings.AbstractContentRequestMapping
79,I,com.corendal.netapps.wiki.interfaces.StandardArticlePagesBlock
79,C,com.corendal.netapps.wiki.blocks.AbstractStandardArticlePagesBlock
80,I,com.corendal.netapps.wiki.interfaces.ContentSubscriptionTypeLoadHandler
80,C,com.corendal.netapps.wiki.readdatahandlers.AbstractContentSubscriptionTypeLoadHandler
81,I,com.corendal.netapps.wiki.interfaces.ContentSubscriptionMapping
81,C,com.corendal.netapps.wiki.writedatamappings.AbstractContentSubscriptionMapping
82,I,com.corendal.netapps.wiki.interfaces.ContentAccessDay
82,C,com.corendal.netapps.wiki.writedatabeans.AbstractContentAccessDay
83,I,com.corendal.netapps.wiki.interfaces.ContentClassificationTypeLoadHandler
83,C,com.corendal.netapps.wiki.readdatahandlers.AbstractContentClassificationTypeLoadHandler
84,I,com.corendal.netapps.wiki.interfaces.StandardContentRequestTypeFactory
84,C,com.corendal.netapps.wiki.readstandardfactories.AbstractStandardContentRequestTypeFactory
85,I,com.corendal.netapps.wiki.interfaces.ContentRequestTypeLoadHandler
85,C,com.corendal.netapps.wiki.readdatahandlers.AbstractContentRequestTypeLoadHandler
86,P,com.corendal.netapps.wiki.blocks.AbstractArticleEditBlock
86,C,com.corendal.netapps.wiki.blocks.DefaultArticleEditBlock
87,P,com.corendal.netapps.wiki.blocks.AbstractArticleEntryBlock
87,C,com.corendal.netapps.wiki.blocks.AbstractArticleEditBlock
87,C,com.corendal.netapps.wiki.blocks.AbstractArticleAboutBlock
87,C,com.corendal.netapps.wiki.blocks.AbstractArticleNewBlock
87,C,com.corendal.netapps.wiki.blocks.AbstractArticleReorganizeBlock
87,C,com.corendal.netapps.wiki.blocks.AbstractArticleSummaryBlock
88,P,com.corendal.netapps.wiki.blocks.AbstractMyContentApprovalsViewBlock
88,C,com.corendal.netapps.wiki.blocks.DefaultMyContentApprovalsViewBlock
89,P,com.corendal.netapps.wiki.readdatabeans.AbstractContentRequestType
89,C,com.corendal.netapps.wiki.readdatabeans.DefaultContentRequestType
89,C,com.corendal.netapps.wiki.readstandardbeans.AbstractStandardContentRequestType
90,P,com.corendal.netapps.wiki.readstandardfactories.AbstractStandardContentClassificationTypeFactory
90,C,com.corendal.netapps.wiki.readstandardfactories.DefaultStandardContentClassificationTypeFactory
91,P,com.corendal.netapps.wiki.blocks.AbstractImageSubscriptionRemoveBlock
91,C,com.corendal.netapps.wiki.blocks.DefaultImageSubscriptionRemoveBlock
92,P,com.corendal.netapps.wiki.blocks.AbstractImageSubscriptionEntryBlock
92,C,com.corendal.netapps.wiki.blocks.AbstractImageSubscriptionRemoveBlock
92,C,com.corendal.netapps.wiki.blocks.AbstractImageSubscriptionNewBlock
93,P,com.corendal.netapps.wiki.blocks.AbstractMyEditorshipsViewBlock
93,C,com.corendal.netapps.wiki.blocks.DefaultMyEditorshipsViewBlock
94,P,com.corendal.netapps.wiki.blocks.AbstractArticleSubscriptionEntryBlock
94,C,com.corendal.netapps.wiki.blocks.AbstractArticleSubscriptionRemoveBlock
94,C,com.corendal.netapps.wiki.blocks.AbstractArticleSubscriptionNewBlock
95,P,com.corendal.netapps.wiki.blocks.AbstractCommonContentEntryBlock
95,C,com.corendal.netapps.wiki.blocks.AbstractArticleSubscriptionEntryBlock
95,C,com.corendal.netapps.wiki.blocks.AbstractArticleGroupSubscriptionEntryBlock
95,C,com.corendal.netapps.wiki.blocks.AbstractArticleEntryBlock
95,C,com.corendal.netapps.wiki.blocks.AbstractImageGroupSubscriptionEntryBlock
95,C,com.corendal.netapps.wiki.blocks.AbstractImageSubscriptionEntryBlock
95,C,com.corendal.netapps.wiki.blocks.AbstractImageEntryBlock
96,P,com.corendal.netapps.wiki.blocks.AbstractArticleVersionViewBlock
96,C,com.corendal.netapps.wiki.blocks.DefaultArticleVersionViewBlock
97,P,com.corendal.netapps.wiki.blocks.AbstractMyArticlesViewBlock
97,C,com.corendal.netapps.wiki.blocks.DefaultMyArticlesViewBlock
98,P,com.corendal.netapps.wiki.blocks.AbstractImageReferencesBlock
98,C,com.corendal.netapps.wiki.blocks.DefaultImageReferencesBlock
99,P,com.corendal.netapps.wiki.pages.AbstractOnlineHelpArticleStandardLargeFirstBlocksPage
99,C,com.corendal.netapps.wiki.pages.DefaultOnlineHelpArticleStandardLargeFirstBlocksPage
100,P,com.corendal.netapps.wiki.writestandardfactories.AbstractStandardContentInfoFactory
100,C,com.corendal.netapps.wiki.writestandardfactories.DefaultStandardContentInfoFactory
101,P,com.corendal.netapps.wiki.writedatabeans.AbstractContentInfo
101,C,com.corendal.netapps.wiki.writedatabeans.DefaultContentInfo
101,C,com.corendal.netapps.wiki.writestandardbeans.AbstractStandardContentInfo
102,P,com.corendal.netapps.wiki.readstandardbeans.AbstractStandardContentType
102,C,com.corendal.netapps.wiki.readstandardbeans.DefaultStandardContentType
103,P,com.corendal.netapps.wiki.blocks.AbstractArticleGroupSubscriptionEntryBlock
103,C,com.corendal.netapps.wiki.blocks.AbstractArticleGroupSubscriptionNewBlock
103,C,com.corendal.netapps.wiki.blocks.AbstractArticleGroupSubscriptionRemoveBlock
104,P,com.corendal.netapps.wiki.writestandardfactories.AbstractStandardContentFactory
104,C,com.corendal.netapps.wiki.writestandardfactories.DefaultStandardContentFactory
105,P,com.corendal.netapps.wiki.pages.AbstractStandardContentRequestImageDownloadPage
105,C,com.corendal.netapps.wiki.pages.DefaultStandardContentRequestImageDownloadPage
106,P,com.corendal.netapps.wiki.blocks.AbstractArticleAccessGroupsViewBlock
106,C,com.corendal.netapps.wiki.blocks.DefaultArticleAccessGroupsViewBlock
107,P,com.corendal.netapps.wiki.blocks.AbstractAccessGroupsViewBlock
107,C,com.corendal.netapps.wiki.blocks.AbstractArticleAccessGroupsViewBlock
107,C,com.corendal.netapps.wiki.blocks.AbstractImageAccessGroupsViewBlock
108,P,com.corendal.netapps.wiki.readstandardbeans.AbstractStandardContentRequestType
108,C,com.corendal.netapps.wiki.readstandardbeans.DefaultStandardContentRequestType
109,P,com.corendal.netapps.wiki.blocks.AbstractContentRemoveBlock
109,C,com.corendal.netapps.wiki.blocks.DefaultContentRemoveBlock
110,P,com.corendal.netapps.wiki.blocks.AbstractContentEntryBlock
110,C,com.corendal.netapps.wiki.blocks.AbstractContentRemoveBlock
110,C,com.corendal.netapps.wiki.blocks.AbstractContentEditBlock
111,P,com.corendal.netapps.wiki.writedatabeans.AbstractContentAccessLog
111,C,com.corendal.netapps.wiki.writestandardbeans.AbstractStandardContentAccessLog
111,C,com.corendal.netapps.wiki.writedatabeans.DefaultContentAccessLog
112,P,com.corendal.netapps.wiki.readdatabeans.AbstractContentRuleType
112,C,com.corendal.netapps.wiki.readstandardbeans.AbstractStandardContentRuleType
112,C,com.corendal.netapps.wiki.readdatabeans.DefaultContentRuleType
113,P,com.corendal.netapps.wiki.writedatabeans.AbstractArticle
113,C,com.corendal.netapps.wiki.writedatabeans.DefaultArticle
113,C,com.corendal.netapps.wiki.writestandardbeans.AbstractStandardArticle
114,P,com.corendal.netapps.wiki.writers.AbstractArticleVersionWriter
114,C,com.corendal.netapps.wiki.writers.DefaultArticleVersionWriter
115,P,com.corendal.netapps.wiki.readstandardfactories.AbstractStandardContentTypeFactory
115,C,com.corendal.netapps.wiki.readstandardfactories.DefaultStandardContentTypeFactory
116,P,com.corendal.netapps.wiki.pages.AbstractArticleVersionStandardLargeFirstBlocksPage
116,C,com.corendal.netapps.wiki.pages.DefaultArticleVersionStandardLargeFirstBlocksPage
117,P,com.corendal.netapps.wiki.blocks.AbstractContentsComplexResultsBlock
117,C,com.corendal.netapps.wiki.blocks.AbstractMyArticlesViewBlock
117,C,com.corendal.netapps.wiki.blocks.AbstractMyImagesViewBlock
117,C,com.corendal.netapps.wiki.blocks.AbstractWhatsNewViewBlock
117,C,com.corendal.netapps.wiki.blocks.AbstractMyEditorshipsViewBlock
117,C,com.corendal.netapps.wiki.blocks.AbstractAnyArticlesViewBlock
117,C,com.corendal.netapps.wiki.blocks.AbstractSubscriptionsViewBlock
117,C,com.corendal.netapps.wiki.blocks.AbstractArticleWhatsRelatedViewBlock
117,C,com.corendal.netapps.wiki.blocks.AbstractAnyImagesViewBlock
117,C,com.corendal.netapps.wiki.blocks.AbstractAnyEditorshipsViewBlock
117,C,com.corendal.netapps.wiki.blocks.AbstractMySubscriptionsDigestBlock
118,P,com.corendal.netapps.wiki.blocks.AbstractGenericComplexResultsBlock
118,C,com.corendal.netapps.wiki.blocks.AbstractContentsComplexResultsBlock
118,C,com.corendal.netapps.wiki.blocks.AbstractGenericSearchResultsBlock
119,P,com.corendal.netapps.wiki.blocks.AbstractStandardArticlePagesBlock
119,C,com.corendal.netapps.wiki.blocks.DefaultStandardArticlePagesBlock
120,P,com.corendal.netapps.wiki.writedatabeans.AbstractContentRequest
120,C,com.corendal.netapps.wiki.writedatabeans.DefaultContentRequest
120,C,com.corendal.netapps.wiki.writestandardbeans.AbstractStandardContentRequest
121,P,com.corendal.netapps.wiki.readstandardbeans.AbstractStandardContentSubscriptionMode
121,C,com.corendal.netapps.wiki.readstandardbeans.DefaultStandardContentSubscriptionMode
122,P,com.corendal.netapps.wiki.blocks.AbstractOnlineHelpKeywordSearchFormBlock
122,C,com.corendal.netapps.wiki.blocks.DefaultOnlineHelpKeywordSearchFormBlock
123,P,com.corendal.netapps.wiki.writestandardbeans.AbstractStandardImage
123,C,com.corendal.netapps.wiki.writestandardbeans.DefaultStandardImage
124,P,com.corendal.netapps.wiki.blocks.AbstractReleaseNotesBlock
124,C,com.corendal.netapps.wiki.blocks.DefaultReleaseNotesBlock
125,P,com.corendal.netapps.wiki.blocks.AbstractArticleReadBlock
125,C,com.corendal.netapps.wiki.blocks.AbstractReleaseNotesBlock
125,C,com.corendal.netapps.wiki.blocks.AbstractHelpDeskBlock
125,C,com.corendal.netapps.wiki.blocks.DefaultArticleReadBlock
125,C,com.corendal.netapps.wiki.blocks.AbstractOnlineHelpBlock
126,P,com.corendal.netapps.wiki.batches.AbstractContentDigestBatch
126,C,com.corendal.netapps.wiki.batches.ContentWeeklyDigestBatch
126,C,com.corendal.netapps.wiki.batches.ContentDailyDigestBatch
127,P,com.corendal.netapps.wiki.blocks.AbstractStandardImagePagesBlock
127,C,com.corendal.netapps.wiki.blocks.DefaultStandardImagePagesBlock
128,P,com.corendal.netapps.wiki.writers.AbstractArticleWriter
128,C,com.corendal.netapps.wiki.writers.DefaultArticleWriter
129,P,com.corendal.netapps.wiki.blocks.AbstractContentsAdvancedSearchFormBlock
129,C,com.corendal.netapps.wiki.blocks.DefaultContentsAdvancedSearchFormBlock
130,P,com.corendal.netapps.wiki.blocks.AbstractImageEditBlock
130,C,com.corendal.netapps.wiki.blocks.DefaultImageEditBlock
131,P,com.corendal.netapps.wiki.blocks.AbstractImageEntryBlock
131,C,com.corendal.netapps.wiki.blocks.AbstractImageEditBlock
131,C,com.corendal.netapps.wiki.blocks.AbstractImageSummaryBlock
131,C,com.corendal.netapps.wiki.blocks.AbstractImageNewBlock
132,P,com.corendal.netapps.wiki.managers.AbstractContentManager
132,C,com.corendal.netapps.wiki.managers.DefaultContentManager
133,P,com.corendal.netapps.wiki.blocks.AbstractContentRequestsResultsBlock
133,C,com.corendal.netapps.wiki.blocks.AbstractMyContentApprovalsViewBlock
133,C,com.corendal.netapps.wiki.blocks.AbstractAnyContentApprovalsViewBlock
133,C,com.corendal.netapps.wiki.blocks.AbstractAnyContentRequestsViewBlock
133,C,com.corendal.netapps.wiki.blocks.AbstractMyContentRequestsViewBlock
134,P,com.corendal.netapps.wiki.blocks.AbstractArticleSubscriptionRemoveBlock
134,C,com.corendal.netapps.wiki.blocks.DefaultArticleSubscriptionRemoveBlock
135,P,com.corendal.netapps.wiki.blocks.AbstractMyRecentContentsBlock
135,C,com.corendal.netapps.wiki.blocks.DefaultMyRecentContentsBlock
136,P,com.corendal.netapps.wiki.blocks.AbstractAnyContentApprovalsViewBlock
136,C,com.corendal.netapps.wiki.blocks.DefaultAnyContentApprovalsViewBlock
137,P,com.corendal.netapps.wiki.pages.AbstractStandardImageDownloadPage
137,C,com.corendal.netapps.wiki.pages.DefaultStandardImageDownloadPage
137,C,com.corendal.netapps.wiki.pages.AbstractStandardOnlineHelpImageDownloadPage
138,P,com.corendal.netapps.wiki.writedatabeans.AbstractImageVersion
138,C,com.corendal.netapps.wiki.writestandardbeans.AbstractStandardImageVersion
139,P,com.corendal.netapps.wiki.blocks.AbstractArticleStatisticsViewBlock
139,C,com.corendal.netapps.wiki.blocks.DefaultArticleStatisticsViewBlock
140,P,com.corendal.netapps.wiki.blocks.AbstractContentAccessDayResultsBlock
140,C,com.corendal.netapps.wiki.blocks.AbstractArticleStatisticsViewBlock
140,C,com.corendal.netapps.wiki.blocks.AbstractImageStatisticsViewBlock
141,P,com.corendal.netapps.wiki.blocks.AbstractOnlineHelpHierarchyBlock
141,C,com.corendal.netapps.wiki.blocks.DefaultOnlineHelpHierarchyBlock
142,P,com.corendal.netapps.wiki.readdatahandlers.AbstractRequestStatusTypeLoadHandler
142,C,com.corendal.netapps.wiki.readdatahandlers.DefaultRequestStatusTypeLoadHandler
143,P,com.corendal.netapps.wiki.writestandardbeans.AbstractStandardContentRequest
143,C,com.corendal.netapps.wiki.writestandardbeans.DefaultStandardContentRequest
144,P,com.corendal.netapps.wiki.blocks.AbstractContentsAdvancedSearchBlock
144,C,com.corendal.netapps.wiki.blocks.AbstractContentsAdvancedSearchFormBlock
145,P,com.corendal.netapps.wiki.blocks.AbstractArticleAccessGroupRemoveBlock
145,C,com.corendal.netapps.wiki.blocks.DefaultArticleAccessGroupRemoveBlock
146,P,com.corendal.netapps.wiki.blocks.AbstractArticleAboutBlock
146,C,com.corendal.netapps.wiki.blocks.DefaultArticleAboutBlock
147,P,com.corendal.netapps.wiki.blocks.AbstractArticleHierarchyBlock
147,C,com.corendal.netapps.wiki.blocks.DefaultArticleHierarchyBlock
147,C,com.corendal.netapps.wiki.blocks.AbstractOnlineHelpHierarchyBlock
148,P,com.corendal.netapps.wiki.blocks.AbstractSiteKeywordSearchResultsBlock
148,C,com.corendal.netapps.wiki.blocks.DefaultSiteKeywordSearchResultsBlock
149,P,com.corendal.netapps.wiki.blocks.AbstractGenericSearchResultsBlock
149,C,com.corendal.netapps.wiki.blocks.AbstractSiteKeywordSearchResultsBlock
149,C,com.corendal.netapps.wiki.blocks.AbstractAdditionalIllustratedSiteKeywordSearchResultsBlock
149,C,com.corendal.netapps.wiki.blocks.AbstractContentsAdvancedSearchResultsBlock
150,P,com.corendal.netapps.wiki.readstandardfactories.AbstractStandardContentSubscriptionModeFactory
150,C,com.corendal.netapps.wiki.readstandardfactories.DefaultStandardContentSubscriptionModeFactory
151,P,com.corendal.netapps.wiki.blocks.AbstractHelpDeskBlock
151,C,com.corendal.netapps.wiki.blocks.DefaultHelpDeskBlock
152,P,com.corendal.netapps.wiki.blocks.AbstractImageAccessGroupEntryBlock
152,C,com.corendal.netapps.wiki.blocks.AbstractImageAccessGroupNewBlock
152,C,com.corendal.netapps.wiki.blocks.AbstractImageAccessGroupRemoveBlock
153,P,com.corendal.netapps.wiki.blocks.AbstractStandardImagePagesOfBlock
153,C,com.corendal.netapps.wiki.blocks.DefaultStandardImagePagesOfBlock
154,P,com.corendal.netapps.wiki.pages.AbstractStandardArticleMarkAsHotPage
154,C,com.corendal.netapps.wiki.pages.DefaultStandardArticleMarkAsHotPage
155,P,com.corendal.netapps.wiki.blocks.AbstractArticleAccessGroupNewBlock
155,C,com.corendal.netapps.wiki.blocks.DefaultArticleAccessGroupNewBlock
156,P,com.corendal.netapps.wiki.blocks.AbstractContentRequestEditBlock
156,C,com.corendal.netapps.wiki.blocks.DefaultContentRequestEditBlock
157,P,com.corendal.netapps.wiki.writestandardbeans.AbstractStandardArticle
157,C,com.corendal.netapps.wiki.writestandardbeans.DefaultStandardArticle
158,P,com.corendal.netapps.wiki.blocks.AbstractWhatsNewViewBlock
158,C,com.corendal.netapps.wiki.blocks.DefaultWhatsNewViewBlock
159,P,com.corendal.netapps.wiki.writestandardfactories.AbstractStandardContentAccessLogFactory
159,C,com.corendal.netapps.wiki.writestandardfactories.DefaultStandardContentAccessLogFactory
160,P,com.corendal.netapps.wiki.blocks.AbstractContentEditBlock
160,C,com.corendal.netapps.wiki.blocks.DefaultContentEditBlock
161,P,com.corendal.netapps.wiki.readdatabeans.AbstractContentClassificationType
161,C,com.corendal.netapps.wiki.readstandardbeans.AbstractStandardContentClassificationType
161,C,com.corendal.netapps.wiki.readdatabeans.DefaultContentClassificationType
162,P,com.corendal.netapps.wiki.readstandardbeans.AbstractStandardContentRuleType
162,C,com.corendal.netapps.wiki.readstandardbeans.DefaultStandardContentRuleType
163,P,com.corendal.netapps.wiki.blocks.AbstractImageAccessGroupNewBlock
163,C,com.corendal.netapps.wiki.blocks.DefaultImageAccessGroupNewBlock
164,P,com.corendal.netapps.wiki.writestandardfactories.AbstractStandardContentRequestFactory
164,C,com.corendal.netapps.wiki.writestandardfactories.DefaultStandardContentRequestFactory
165,P,com.corendal.netapps.wiki.pages.AbstractStandardImageMarkAsHotPage
165,C,com.corendal.netapps.wiki.pages.DefaultStandardImageMarkAsHotPage
166,P,com.corendal.netapps.wiki.blocks.AbstractAnyEditorshipsViewBlock
166,C,com.corendal.netapps.wiki.blocks.DefaultAnyEditorshipsViewBlock
167,P,com.corendal.netapps.wiki.writedatabeans.AbstractContent
167,C,com.corendal.netapps.wiki.writestandardbeans.AbstractStandardContent
167,C,com.corendal.netapps.wiki.writedatabeans.DefaultContent
168,P,com.corendal.netapps.wiki.writedatamappings.AbstractContentAccessLogMapping
168,C,com.corendal.netapps.wiki.writedatamappings.DefaultContentAccessLogMapping
169,P,com.corendal.netapps.wiki.writestandardbeans.AbstractStandardContentAccessLog
169,C,com.corendal.netapps.wiki.writestandardbeans.DefaultStandardContentAccessLog
170,P,com.corendal.netapps.wiki.blocks.AbstractImageNewBlock
170,C,com.corendal.netapps.wiki.blocks.DefaultImageNewBlock
171,P,com.corendal.netapps.wiki.writedatamappings.AbstractContentMapMapping
171,C,com.corendal.netapps.wiki.writedatamappings.DefaultContentMapMapping
172,P,com.corendal.netapps.wiki.blocks.AbstractMyContentApprovalsEditBlock
172,C,com.corendal.netapps.wiki.blocks.DefaultMyContentApprovalsEditBlock
173,P,com.corendal.netapps.wiki.readstandardbeans.AbstractStandardRequestStatusType
173,C,com.corendal.netapps.wiki.readstandardbeans.DefaultStandardRequestStatusType
174,P,com.corendal.netapps.wiki.readdatabeans.AbstractRequestStatusType
174,C,com.corendal.netapps.wiki.readstandardbeans.AbstractStandardRequestStatusType
175,P,com.corendal.netapps.wiki.blocks.AbstractReferenceEntryBlock
175,C,com.corendal.netapps.wiki.blocks.AbstractReferenceNewBlock
176,P,com.corendal.netapps.wiki.blocks.AbstractContentRequestEntryBlock
176,C,com.corendal.netapps.wiki.blocks.AbstractContentRequestEditBlock
176,C,com.corendal.netapps.wiki.blocks.AbstractContentRequestViewBlock
177,P,com.corendal.netapps.wiki.commons.AbstractArticleBodyHighlighter
177,C,com.corendal.netapps.wiki.commons.DefaultArticleBodyHighlighter
178,P,com.corendal.netapps.wiki.readstandardfactories.AbstractStandardContentRequestTypeFactory
178,C,com.corendal.netapps.wiki.readstandardfactories.DefaultStandardContentRequestTypeFactory
179,P,com.corendal.netapps.wiki.readdatabeans.AbstractContentSubscriptionMode
179,C,com.corendal.netapps.wiki.readstandardbeans.AbstractStandardContentSubscriptionMode
179,C,com.corendal.netapps.wiki.readdatabeans.DefaultContentSubscriptionMode
180,P,com.corendal.netapps.wiki.writestandardbeans.AbstractStandardArticleVersion
180,C,com.corendal.netapps.wiki.writestandardbeans.DefaultStandardArticleVersion
181,P,com.corendal.netapps.wiki.writedatabeans.AbstractArticleVersion
181,C,com.corendal.netapps.wiki.writestandardbeans.AbstractStandardArticleVersion
182,P,com.corendal.netapps.wiki.blocks.AbstractImageVersionsViewBlock
182,C,com.corendal.netapps.wiki.blocks.DefaultImageVersionsViewBlock
183,P,com.corendal.netapps.wiki.blocks.AbstractImageVersionResultsBlock
183,C,com.corendal.netapps.wiki.blocks.AbstractImageVersionsViewBlock
184,P,com.corendal.netapps.wiki.blocks.AbstractMyImagesViewBlock
184,C,com.corendal.netapps.wiki.blocks.DefaultMyImagesViewBlock
185,P,com.corendal.netapps.wiki.writedatamappings.AbstractContentAccessPeriodMapping
185,C,com.corendal.netapps.wiki.writedatamappings.DefaultContentAccessPeriodMapping
186,P,com.corendal.netapps.wiki.blocks.AbstractTopTenArticlesViewBlock
186,C,com.corendal.netapps.wiki.blocks.DefaultTopTenArticlesViewBlock
187,P,com.corendal.netapps.wiki.blocks.AbstractContentsAdditionalAdvancedSearchResultsBlock
187,C,com.corendal.netapps.wiki.blocks.DefaultContentsAdditionalAdvancedSearchResultsBlock
188,P,com.corendal.netapps.wiki.blocks.AbstractContentsAdvancedSearchResultsBlock
188,C,com.corendal.netapps.wiki.blocks.AbstractContentsAdditionalAdvancedSearchResultsBlock
188,C,com.corendal.netapps.wiki.blocks.DefaultContentsAdvancedSearchResultsBlock
189,P,com.corendal.netapps.wiki.pages.AbstractHomeStandardLargeFirstBlocksPage
189,C,com.corendal.netapps.wiki.pages.DefaultHomeStandardLargeFirstBlocksPage
190,P,com.corendal.netapps.wiki.blocks.AbstractArticleWhatsRelatedViewBlock
190,C,com.corendal.netapps.wiki.blocks.DefaultArticleWhatsRelatedViewBlock
191,P,com.corendal.netapps.wiki.blocks.AbstractImageSummaryBlock
191,C,com.corendal.netapps.wiki.blocks.DefaultImageSummaryBlock
192,P,com.corendal.netapps.wiki.blocks.AbstractContentRequestBodyViewBlock
192,C,com.corendal.netapps.wiki.blocks.DefaultContentRequestBodyViewBlock
193,P,com.corendal.netapps.wiki.blocks.AbstractArticleAccessGroupEntryBlock
193,C,com.corendal.netapps.wiki.blocks.AbstractArticleAccessGroupNewBlock
193,C,com.corendal.netapps.wiki.blocks.AbstractArticleAccessGroupRemoveBlock
194,P,com.corendal.netapps.wiki.readdatahandlers.AbstractContentRuleTypeLoadHandler
194,C,com.corendal.netapps.wiki.readdatahandlers.DefaultContentRuleTypeLoadHandler
195,P,com.corendal.netapps.wiki.writestandardfactories.AbstractStandardContentAccessDayFactory
195,C,com.corendal.netapps.wiki.writestandardfactories.DefaultStandardContentAccessDayFactory
196,P,com.corendal.netapps.wiki.writedatabeans.AbstractImage
196,C,com.corendal.netapps.wiki.writedatabeans.DefaultImage
196,C,com.corendal.netapps.wiki.writestandardbeans.AbstractStandardImage
197,P,com.corendal.netapps.wiki.writestandardfactories.AbstractStandardImageFactory
197,C,com.corendal.netapps.wiki.writestandardfactories.DefaultStandardImageFactory
198,P,com.corendal.netapps.wiki.writedatamappings.AbstractContentBodyMapping
198,C,com.corendal.netapps.wiki.writedatamappings.DefaultContentBodyMapping
199,P,com.corendal.netapps.wiki.blocks.AbstractImageSubscriptionNewBlock
199,C,com.corendal.netapps.wiki.blocks.DefaultImageSubscriptionNewBlock
200,P,com.corendal.netapps.wiki.writestandardbeans.AbstractStandardImageVersion
200,C,com.corendal.netapps.wiki.writestandardbeans.DefaultStandardImageVersion
201,P,com.corendal.netapps.wiki.blocks.AbstractArticleRemoveRelatedContentPagesBlock
201,C,com.corendal.netapps.wiki.blocks.DefaultArticleRemoveRelatedContentPagesBlock
202,P,com.corendal.netapps.wiki.writedatabeans.AbstractContentAccessPeriod
202,C,com.corendal.netapps.wiki.writedatabeans.DefaultContentAccessPeriod
203,P,com.corendal.netapps.wiki.pages.AbstractArticleStandardLargeFirstBlocksPage
203,C,com.corendal.netapps.wiki.pages.DefaultArticleStandardLargeFirstBlocksPage
204,P,com.corendal.netapps.wiki.blocks.AbstractImageVersionEntryBlock
204,C,com.corendal.netapps.wiki.blocks.AbstractImageVersionsRemoveBlock
205,P,com.corendal.netapps.wiki.blocks.AbstractSubscribersBlock
205,C,com.corendal.netapps.wiki.blocks.AbstractImageSubscribersBlock
205,C,com.corendal.netapps.wiki.blocks.AbstractArticleSubscribersBlock
206,P,com.corendal.netapps.wiki.writestandardfactories.AbstractStandardArticleVersionFactory
206,C,com.corendal.netapps.wiki.writestandardfactories.DefaultStandardArticleVersionFactory
207,P,com.corendal.netapps.wiki.writedatabeans.AbstractContentAccessDay
207,C,com.corendal.netapps.wiki.writestandardbeans.AbstractStandardContentAccessDay
207,C,com.corendal.netapps.wiki.writedatabeans.DefaultContentAccessDay
208,P,com.corendal.netapps.wiki.readdatahandlers.AbstractContentTypeLoadHandler
208,C,com.corendal.netapps.wiki.readdatahandlers.DefaultContentTypeLoadHandler
209,P,com.corendal.netapps.wiki.readstandardfactories.AbstractStandardRequestStatusTypeFactory
209,C,com.corendal.netapps.wiki.readstandardfactories.DefaultStandardRequestStatusTypeFactory
210,P,com.corendal.netapps.wiki.writers.AbstractContentWriter
210,C,com.corendal.netapps.wiki.writers.DefaultContentWriter
211,P,com.corendal.netapps.wiki.blocks.AbstractArticleViewBlock
211,C,com.corendal.netapps.wiki.blocks.DefaultArticleViewBlock
212,P,com.corendal.netapps.wiki.blocks.AbstractMySubscriptionsViewBlock
212,C,com.corendal.netapps.wiki.blocks.DefaultMySubscriptionsViewBlock
213,P,com.corendal.netapps.wiki.blocks.AbstractSubscriptionsViewBlock
213,C,com.corendal.netapps.wiki.blocks.AbstractMySubscriptionsViewBlock
213,C,com.corendal.netapps.wiki.blocks.AbstractAnySubscriptionsViewBlock
214,P,com.corendal.netapps.wiki.pages.AbstractImageStandardLargeFirstBlocksPage
214,C,com.corendal.netapps.wiki.pages.DefaultImageStandardLargeFirstBlocksPage
215,P,com.corendal.netapps.wiki.writestandardbeans.AbstractStandardContentAccessDay
215,C,com.corendal.netapps.wiki.writestandardbeans.DefaultStandardContentAccessDay
216,P,com.corendal.netapps.wiki.writedatamappings.AbstractContentRequestMapping
216,C,com.corendal.netapps.wiki.writedatamappings.DefaultContentRequestMapping
217,P,com.corendal.netapps.wiki.blocks.AbstractSiteKeywordSearchFormBlock
217,C,com.corendal.netapps.wiki.blocks.DefaultSiteKeywordSearchFormBlock
218,P,com.corendal.netapps.wiki.blocks.AbstractMyWeeklySubscriptionsDigestBlock
218,C,com.corendal.netapps.wiki.blocks.DefaultMyWeeklySubscriptionsDigestBlock
219,P,com.corendal.netapps.wiki.blocks.AbstractReferenceNewBlock
219,C,com.corendal.netapps.wiki.blocks.DefaultReferenceNewBlock
220,P,com.corendal.netapps.wiki.readdatahandlers.AbstractContentSubscriptionTypeLoadHandler
220,C,com.corendal.netapps.wiki.readdatahandlers.DefaultContentSubscriptionTypeLoadHandler
221,P,com.corendal.netapps.wiki.writers.AbstractContentRequestWriter
221,C,com.corendal.netapps.wiki.writers.DefaultContentRequestWriter
222,P,com.corendal.netapps.wiki.blocks.AbstractArticleGroupSubscriptionRemoveBlock
222,C,com.corendal.netapps.wiki.blocks.DefaultArticleGroupSubscriptionRemoveBlock
223,P,com.corendal.netapps.wiki.blocks.AbstractArticleVersionsViewBlock
223,C,com.corendal.netapps.wiki.blocks.DefaultArticleVersionsViewBlock
224,P,com.corendal.netapps.wiki.writestandardbeans.AbstractStandardContentSubscription
224,C,com.corendal.netapps.wiki.writestandardbeans.DefaultStandardContentSubscription
225,P,com.corendal.netapps.wiki.readstandardbeans.AbstractStandardContentSubscriptionType
225,C,com.corendal.netapps.wiki.readstandardbeans.DefaultStandardContentSubscriptionType
226,P,com.corendal.netapps.wiki.readdatabeans.AbstractContentSubscriptionType
226,C,com.corendal.netapps.wiki.readstandardbeans.AbstractStandardContentSubscriptionType
226,C,com.corendal.netapps.wiki.readdatabeans.DefaultContentSubscriptionType
227,P,com.corendal.netapps.wiki.writedatamappings.AbstractContentAddressMapping
227,C,com.corendal.netapps.wiki.writedatamappings.DefaultContentAddressMapping
228,P,com.corendal.netapps.wiki.blocks.AbstractContentReferencesBlock
228,C,com.corendal.netapps.wiki.blocks.AbstractImageReferencesBlock
228,C,com.corendal.netapps.wiki.blocks.AbstractArticleReferencesBlock
229,P,com.corendal.netapps.wiki.blocks.AbstractImageAccessGroupsViewBlock
229,C,com.corendal.netapps.wiki.blocks.DefaultImageAccessGroupsViewBlock
230,P,com.corendal.netapps.wiki.blocks.AbstractStandardArticlePagesOfBlock
230,C,com.corendal.netapps.wiki.blocks.DefaultStandardArticlePagesOfBlock
231,P,com.corendal.netapps.wiki.writedatabeans.AbstractContentSubscription
231,C,com.corendal.netapps.wiki.writedatabeans.DefaultContentSubscription
231,C,com.corendal.netapps.wiki.writestandardbeans.AbstractStandardContentSubscription
232,P,com.corendal.netapps.wiki.blocks.AbstractArticleNewBlock
232,C,com.corendal.netapps.wiki.blocks.DefaultArticleNewBlock
233,P,com.corendal.netapps.wiki.blocks.AbstractImageGroupSubscriptionRemoveBlock
233,C,com.corendal.netapps.wiki.blocks.DefaultImageGroupSubscriptionRemoveBlock
234,P,com.corendal.netapps.wiki.blocks.AbstractImageGroupSubscriptionEntryBlock
234,C,com.corendal.netapps.wiki.blocks.AbstractImageGroupSubscriptionRemoveBlock
234,C,com.corendal.netapps.wiki.blocks.AbstractImageGroupSubscriptionNewBlock
235,P,com.corendal.netapps.wiki.blocks.AbstractArticleReorganizeBlock
235,C,com.corendal.netapps.wiki.blocks.DefaultArticleReorganizeBlock
236,P,com.corendal.netapps.wiki.blocks.AbstractImageSubscribersBlock
236,C,com.corendal.netapps.wiki.blocks.DefaultImageSubscribersBlock
237,P,com.corendal.netapps.wiki.readdatabeans.AbstractContentType
237,C,com.corendal.netapps.wiki.readdatabeans.DefaultContentType
237,C,com.corendal.netapps.wiki.readstandardbeans.AbstractStandardContentType
238,P,com.corendal.netapps.wiki.blocks.AbstractMyContentApprovalsEntryBlock
238,C,com.corendal.netapps.wiki.blocks.AbstractMyContentApprovalsEditBlock
239,P,com.corendal.netapps.wiki.writedatamappings.AbstractContentVersionMapping
239,C,com.corendal.netapps.wiki.writedatamappings.DefaultContentVersionMapping
240,P,com.corendal.netapps.wiki.blocks.AbstractArticleResultsBlock
240,C,com.corendal.netapps.wiki.blocks.AbstractContentReferencesBlock
241,P,com.corendal.netapps.wiki.blocks.AbstractArticleSummaryBlock
241,C,com.corendal.netapps.wiki.blocks.DefaultArticleSummaryBlock
242,P,com.corendal.netapps.wiki.blocks.AbstractAnyArticlesViewBlock
242,C,com.corendal.netapps.wiki.blocks.DefaultAnyArticlesViewBlock
243,P,com.corendal.netapps.wiki.writestandardfactories.AbstractStandardContentSubscriptionFactory
243,C,com.corendal.netapps.wiki.writestandardfactories.DefaultStandardContentSubscriptionFactory
244,P,com.corendal.netapps.wiki.blocks.AbstractArticleSubscriptionNewBlock
244,C,com.corendal.netapps.wiki.blocks.DefaultArticleSubscriptionNewBlock
245,P,com.corendal.netapps.wiki.readstandardbeans.AbstractStandardContentClassificationType
245,C,com.corendal.netapps.wiki.readstandardbeans.DefaultStandardContentClassificationType
246,P,com.corendal.netapps.wiki.writestandardbeans.AbstractStandardContent
246,C,com.corendal.netapps.wiki.writestandardbeans.DefaultStandardContent
247,P,com.corendal.netapps.wiki.blocks.AbstractMySubscriptionsDigestBlock
247,C,com.corendal.netapps.wiki.blocks.AbstractMyWeeklySubscriptionsDigestBlock
247,C,com.corendal.netapps.wiki.blocks.AbstractMyDailySubscriptionsDigestBlock
248,P,com.corendal.netapps.wiki.managers.AbstractContentHistoryManager
248,C,com.corendal.netapps.wiki.managers.DefaultContentHistoryManager
249,P,com.corendal.netapps.wiki.blocks.AbstractArticlesResultsBlock
249,C,com.corendal.netapps.wiki.blocks.AbstractTopTenArticlesViewBlock
250,P,com.corendal.netapps.wiki.blocks.AbstractArticleReferencesBlock
250,C,com.corendal.netapps.wiki.blocks.DefaultArticleReferencesBlock
251,P,com.corendal.netapps.wiki.writedatamappings.AbstractContentAccessDayMapping
251,C,com.corendal.netapps.wiki.writedatamappings.DefaultContentAccessDayMapping
252,P,com.corendal.netapps.wiki.blocks.AbstractArticleGroupSubscriptionNewBlock
252,C,com.corendal.netapps.wiki.blocks.DefaultArticleGroupSubscriptionNewBlock
253,P,com.corendal.netapps.wiki.blocks.AbstractAdditionalIllustratedSiteKeywordSearchResultsBlock
253,C,com.corendal.netapps.wiki.blocks.DefaultAdditionalIllustratedSiteKeywordSearchResultsBlock
254,P,com.corendal.netapps.wiki.blocks.AbstractImageAccessGroupRemoveBlock
254,C,com.corendal.netapps.wiki.blocks.DefaultImageAccessGroupRemoveBlock
255,P,com.corendal.netapps.wiki.blocks.AbstractImageStatisticsViewBlock
255,C,com.corendal.netapps.wiki.blocks.DefaultImageStatisticsViewBlock
256,P,com.corendal.netapps.wiki.blocks.AbstractAnyContentRequestsViewBlock
256,C,com.corendal.netapps.wiki.blocks.DefaultAnyContentRequestsViewBlock
257,P,com.corendal.netapps.wiki.writedatamappings.AbstractContentSubscriptionMapping
257,C,com.corendal.netapps.wiki.writedatamappings.DefaultContentSubscriptionMapping
258,P,com.corendal.netapps.wiki.writestandardfactories.AbstractStandardImageVersionFactory
258,C,com.corendal.netapps.wiki.writestandardfactories.DefaultStandardImageVersionFactory
259,P,com.corendal.netapps.wiki.blocks.AbstractContentsSimpleResultsBlock
259,C,com.corendal.netapps.wiki.blocks.AbstractMyRecentContentsBlock
260,P,com.corendal.netapps.wiki.readstandardfactories.AbstractStandardContentSubscriptionTypeFactory
260,C,com.corendal.netapps.wiki.readstandardfactories.DefaultStandardContentSubscriptionTypeFactory
261,P,com.corendal.netapps.wiki.blocks.AbstractOnlineHelpKeywordSearchResultsBlock
261,C,com.corendal.netapps.wiki.blocks.DefaultOnlineHelpKeywordSearchResultsBlock
262,P,com.corendal.netapps.wiki.blocks.AbstractImageGroupSubscriptionNewBlock
262,C,com.corendal.netapps.wiki.blocks.DefaultImageGroupSubscriptionNewBlock
263,P,com.corendal.netapps.wiki.blocks.AbstractMyContentRequestsViewBlock
263,C,com.corendal.netapps.wiki.blocks.DefaultMyContentRequestsViewBlock
264,P,com.corendal.netapps.wiki.blocks.AbstractOnlineHelpBlock
264,C,com.corendal.netapps.wiki.blocks.DefaultOnlineHelpBlock
265,P,com.corendal.netapps.wiki.writedatamappings.AbstractContentInfoMapping
265,C,com.corendal.netapps.wiki.writedatamappings.DefaultContentInfoMapping
266,P,com.corendal.netapps.wiki.writedatamappings.AbstractContentMapping
266,C,com.corendal.netapps.wiki.writedatamappings.DefaultContentMapping
267,P,com.corendal.netapps.wiki.readdatahandlers.AbstractContentRequestTypeLoadHandler
267,C,com.corendal.netapps.wiki.readdatahandlers.DefaultContentRequestTypeLoadHandler
268,P,com.corendal.netapps.wiki.blocks.AbstractContentRequestViewBlock
268,C,com.corendal.netapps.wiki.blocks.DefaultContentRequestViewBlock
269,P,com.corendal.netapps.wiki.blocks.AbstractAnySubscriptionsViewBlock
269,C,com.corendal.netapps.wiki.blocks.DefaultAnySubscriptionsViewBlock
270,P,com.corendal.netapps.wiki.blocks.AbstractArticleVersionResultsBlock
270,C,com.corendal.netapps.wiki.blocks.AbstractArticleVersionsViewBlock
271,P,com.corendal.netapps.wiki.writestandardbeans.AbstractStandardContentInfo
271,C,com.corendal.netapps.wiki.writestandardbeans.DefaultStandardContentInfo
272,P,com.corendal.netapps.wiki.pages.AbstractStandardOnlineHelpImageDownloadPage
272,C,com.corendal.netapps.wiki.pages.DefaultStandardOnlineHelpImageDownloadPage
273,P,com.corendal.netapps.wiki.blocks.AbstractAnyImagesViewBlock
273,C,com.corendal.netapps.wiki.blocks.DefaultAnyImagesViewBlock
274,P,com.corendal.netapps.wiki.blocks.AbstractArticleVersionsRemoveBlock
274,C,com.corendal.netapps.wiki.blocks.DefaultArticleVersionsRemoveBlock
275,P,com.corendal.netapps.wiki.blocks.AbstractArticleVersionEntryBlock
275,C,com.corendal.netapps.wiki.blocks.AbstractArticleVersionsRemoveBlock
276,P,com.corendal.netapps.wiki.pages.AbstractStandardImageVersionDownloadPage
276,C,com.corendal.netapps.wiki.pages.DefaultStandardImageVersionDownloadPage
277,P,com.corendal.netapps.wiki.blocks.AbstractArticleSubscribersBlock
277,C,com.corendal.netapps.wiki.blocks.DefaultArticleSubscribersBlock
278,P,com.corendal.netapps.wiki.writestandardfactories.AbstractStandardArticleFactory
278,C,com.corendal.netapps.wiki.writestandardfactories.DefaultStandardArticleFactory
279,P,com.corendal.netapps.wiki.readdatahandlers.AbstractContentClassificationTypeLoadHandler
279,C,com.corendal.netapps.wiki.readdatahandlers.DefaultContentClassificationTypeLoadHandler
280,P,com.corendal.netapps.wiki.readstandardfactories.AbstractStandardContentRuleTypeFactory
280,C,com.corendal.netapps.wiki.readstandardfactories.DefaultStandardContentRuleTypeFactory
281,P,com.corendal.netapps.wiki.blocks.AbstractImageVersionsRemoveBlock
281,C,com.corendal.netapps.wiki.blocks.DefaultImageVersionsRemoveBlock
282,P,com.corendal.netapps.wiki.readdatahandlers.AbstractContentSubscriptionModeLoadHandler
282,C,com.corendal.netapps.wiki.readdatahandlers.DefaultContentSubscriptionModeLoadHandler
283,P,com.corendal.netapps.wiki.blocks.AbstractMyDailySubscriptionsDigestBlock
283,C,com.corendal.netapps.wiki.blocks.DefaultMyDailySubscriptionsDigestBlock
