0,org.mybatis.jpetstore.mapper.LineItemMapper
1,org.mybatis.jpetstore.mapper.SequenceMapper
2,org.mybatis.jpetstore.service.AccountService
2,org.mybatis.jpetstore.mapper.AccountMapper
2,org.mybatis.jpetstore.web.actions.OrderActionBean
2,org.mybatis.jpetstore.web.actions.AbstractActionBean
2,org.mybatis.jpetstore.web.actions.AccountActionBean
2,org.mybatis.jpetstore.domain.Order
2,org.mybatis.jpetstore.domain.Account
3,org.mybatis.jpetstore.service.OrderService
3,org.mybatis.jpetstore.domain.LineItem
3,org.mybatis.jpetstore.domain.Sequence
3,org.mybatis.jpetstore.mapper.OrderMapper
3,org.mybatis.jpetstore.web.actions.CartActionBean
3,org.mybatis.jpetstore.domain.Cart
3,org.mybatis.jpetstore.domain.CartItem
3,org.mybatis.jpetstore.domain.Item
4,org.mybatis.jpetstore.web.actions.CatalogActionBean
4,org.mybatis.jpetstore.service.CatalogService
4,org.mybatis.jpetstore.domain.Product
4,org.mybatis.jpetstore.domain.Category
4,org.mybatis.jpetstore.mapper.ItemMapper
4,org.mybatis.jpetstore.mapper.ProductMapper
4,org.mybatis.jpetstore.mapper.CategoryMapper
